<assembly>
  <formats>
    <format>zip</format>
  </formats>
  <fileSets>
    <fileSet>
      <directory>target</directory>
      <outputDirectory>/</outputDirectory>
      <includes>
        <include>*.jar</include>
      </includes>
    </fileSet>
    <fileSet>
      <directory>src</directory>
      <outputDirectory>/Buri2.3/src</outputDirectory>
      <excludes>
        <exclude>.svn</exclude>
      </excludes>
    </fileSet>
    <fileSet>
      <directory></directory>
      <outputDirectory>/Buri2.3</outputDirectory>
      <includes>
        <include>pom.xml</include>
        <include>.classpath</include>
        <include>.project</include>
      </includes>
    </fileSet>
    <fileSet>
      <directory>doc</directory>
      <outputDirectory>/doc</outputDirectory>
      <excludes>
        <exclude>.svn</exclude>
      </excludes>
    </fileSet>
    <fileSet>
      <directory>.settings</directory>
      <outputDirectory>/Buri2.3/.settings</outputDirectory>
      <excludes>
        <exclude>.svn</exclude>
      </excludes>
    </fileSet>
    <fileSet>
      <directory>db</directory>
      <outputDirectory>/db</outputDirectory>
      <excludes>
        <exclude>.svn</exclude>
        <exclude>buri/</exclude>
      </excludes>
    </fileSet>
    <fileSet>
      <directory>db/buri</directory>
      <outputDirectory>/Buri2.3/db/buri</outputDirectory>
    </fileSet>
  </fileSets>
  <dependencySets>
    <dependencySet>
      <unpack>false</unpack>
      <scope>runtime</scope>
      <outputDirectory>/lib</outputDirectory>
    </dependencySet>
  </dependencySets>
</assembly>
