<?xml version="1.0"?>

<!DOCTYPE faces-config PUBLIC
  "-//Sun Microsystems, Inc.//DTD JavaServer Faces Config 1.0//EN"
  "http://java.sun.com/dtd/web-facesconfig_1_0.dtd">

<!-- =========== FULL CONFIGURATION FILE ================================== -->

<faces-config>
	
    <application>
    	<message-bundle>appMessages</message-bundle>
    	<locale-config>
        	<default-locale>en</default-locale>
        	<supported-locale>ja</supported-locale>
    	</locale-config>
	</application>

	<converter>
		<converter-for-class>java.util.Date</converter-for-class>
		<converter-class>org.seasar.jsf.convert.S2DateTimeConverter</converter-class>
	</converter>
	

	<navigation-rule>
		<navigation-case>
			<from-outcome>meterCheck</from-outcome>
			<to-view-id>/gas/meterCheck.html</to-view-id>
		</navigation-case>
	</navigation-rule>
	
	<navigation-rule>
		<navigation-case>
			<from-outcome>billReport</from-outcome>
			<to-view-id>/gas/billReport.html</to-view-id>
		</navigation-case>
	</navigation-rule>
	
	<navigation-rule>
		<navigation-case>
			<from-outcome>waitingForPaymentList</from-outcome>
			<to-view-id>/gas/waitingForPaymentList.html</to-view-id>
		</navigation-case>
	</navigation-rule>
	
	<navigation-rule>
		<navigation-case>
			<from-outcome>paymentForm</from-outcome>
			<to-view-id>/gas/paymentForm.html</to-view-id>
		</navigation-case>
	</navigation-rule>

	<navigation-rule>
		<navigation-case>
			<from-outcome>paymentResult</from-outcome>
			<to-view-id>/gas/paymentResult.html</to-view-id>
		</navigation-case>
	</navigation-rule>

	<navigation-rule>
		<navigation-case>
			<from-outcome>approvedPaymentList</from-outcome>
			<to-view-id>/gas/approvedPaymentList.html</to-view-id>
		</navigation-case>
	</navigation-rule>
	
	<navigation-rule>
		<navigation-case>
			<from-outcome>remindedPaymentList</from-outcome>
			<to-view-id>/gas/remindedPaymentList.html</to-view-id>
		</navigation-case>
	</navigation-rule>
	
</faces-config>
